{"cameraMode":{"drawMode":0,"name":"Shaded","section":"Shading Mode"},"sceneLighting":false,"audioPlay":false,"sceneViewState":{"showFog":false,"showMaterialUpdate":false,"showSkybox":false,"showFlares":false,"showImageEffects":false,"showParticleSystems":false},"in2DMode":false,"pivot":{"x":-0.04905503988265991,"y":0.7397371530532837,"z":0.06695429980754852},"rotation":{"x":-0.2176223248243332,"y":0.11011805385351181,"z":-0.024718027561903,"w":-0.9694862961769104},"size":4.702955722808838,"orthographic":false}