{"cameraMode":{"drawMode":0,"name":"Shaded","section":"Shading Mode"},"sceneLighting":true,"audioPlay":false,"sceneViewState":{"showFog":false,"showMaterialUpdate":false,"showSkybox":false,"showFlares":false,"showImageEffects":false,"showParticleSystems":false},"in2DMode":false,"pivot":{"x":0.6165200471878052,"y":-1.9086248874664307,"z":11.011514663696289},"rotation":{"x":0.3727456033229828,"y":-0.16487224400043488,"z":0.06748254597187042,"w":0.9106723070144653},"size":18.388940811157228,"orthographic":false}