{"cameraMode":{"drawMode":0,"name":"Shaded","section":"Shading Mode"},"sceneLighting":false,"audioPlay":false,"sceneViewState":{"showFog":false,"showMaterialUpdate":false,"showSkybox":false,"showFlares":false,"showImageEffects":false,"showParticleSystems":false},"in2DMode":false,"pivot":{"x":-0.03843933343887329,"y":0.7934907674789429,"z":0.10112662613391876},"rotation":{"x":0.17533572018146516,"y":-0.684833824634552,"z":0.17523175477981568,"w":0.6852400898933411},"size":4.8406147956848148,"orthographic":false}