{"cameraMode":{"drawMode":0,"name":"Shaded","section":"Shading Mode"},"sceneLighting":false,"audioPlay":false,"sceneViewState":{"showFog":false,"showMaterialUpdate":false,"showSkybox":false,"showFlares":false,"showImageEffects":false,"showParticleSystems":false},"in2DMode":false,"pivot":{"x":-0.03843933343887329,"y":0.7934907674789429,"z":0.10112662613391876},"rotation":{"x":0.04348529130220413,"y":0.006891387514770031,"z":-0.00029997038654983044,"w":0.9990302324295044},"size":4.8406147956848148,"orthographic":false}