{"cameraMode":{"drawMode":0,"name":"Shaded","section":"Shading Mode"},"sceneLighting":false,"audioPlay":false,"sceneViewState":{"showFog":false,"showMaterialUpdate":false,"showSkybox":false,"showFlares":false,"showImageEffects":false,"showParticleSystems":false},"in2DMode":false,"pivot":{"x":-0.8699173927307129,"y":0.24057352542877198,"z":0.06525778770446778},"rotation":{"x":-0.2176223248243332,"y":0.11011805385351181,"z":-0.024718027561903,"w":-0.9694862961769104},"size":2.787302255630493,"orthographic":false}